points/0/_label,points/0/_occluded,points/0/_source,points/0/_points,points/0/_z_order,points/1/_label,points/1/_occluded,points/1/_source,points/1/_points,points/1/_z_order,points/2/_label,points/2/_occluded,points/2/_source,points/2/_points,points/2/_z_order,points/3/_label,points/3/_occluded,points/3/_source,points/3/_points,points/3/_z_order,points/4/_label,points/4/_occluded,points/4/_source,points/4/_points,points/4/_z_order,points/5/_label,points/5/_occluded,points/5/_source,points/5/_points,points/5/_z_order,points/6/_label,points/6/_occluded,points/6/_source,points/6/_points,points/6/_z_order,points/7/_label,points/7/_occluded,points/7/_source,points/7/_points,points/7/_z_order,_id,_name,_width,_height
K3,0,manual,"34.50,31.40",0,K4,0,manual,"36.90,20.15",0,K1,0,manual,"25.20,68.00",0,K6,0,manual,"45.00,30.95",0,K8,0,manual,"51.50,67.85",0,K5,0,manual,"43.30,20.25",0,K7,0,manual,"50.80,64.75",0,K2,0,manual,"26.00,64.30",0,187,Cone_99.jpg,80,80
K7,0,manual,"45.50,44.95",0,K2,0,manual,"35.40,45.20",0,K6,0,manual,"44.70,38.05",0,K8,0,manual,"47.20,52.25",0,K1,0,manual,"33.50,51.90",0,K4,0,manual,"38.90,31.25",0,K3,0,manual,"37.40,37.80",0,K5,0,manual,"43.50,31.05",0,186,Cone_98.jpg,80,80
K3,0,manual,"27.30,20.10",0,K8,0,manual,"69.70,67.85",0,K7,0,manual,"59.40,43.65",0,K6,0,manual,"54.30,20.50",0,K2,0,manual,"21.40,44.50",0,K1,0,manual,"14.40,69.80",0,,,,,,,,,,,185,Cone_97.jpg,80,80
,,,,,,,,,,,,,,,,,,,,,,,,,,,,,,,,,,,,,,,,184,Cone_96.jpg,80,80
K3,0,manual,"35.40,33.30",0,K5,0,manual,"45.70,21.55",0,K6,0,manual,"48.10,33.95",0,K1,0,manual,"29.30,54.60",0,K8,0,manual,"52.10,54.55",0,K7,0,manual,"50.30,44.25",0,K2,0,manual,"32.50,43.70",0,K4,0,manual,"36.90,22.25",0,183,Cone_95.jpg,80,80
K8,0,manual,"46.30,51.15",0,K1,0,manual,"32.70,51.00",0,K5,0,manual,"42.70,31.95",0,K4,0,manual,"38.20,32.15",0,K3,0,manual,"37.10,38.20",0,K2,0,manual,"35.40,43.90",0,K6,0,manual,"43.50,38.35",0,K7,0,manual,"44.10,43.95",0,182,Cone_94.jpg,80,80
,,,,,,,,,,,,,,,,,,,,,,,,,,,,,,,,,,,,,,,,181,Cone_93.jpg,80,80
K4,0,manual,"40.00,24.95",0,K3,0,manual,"36.20,36.10",0,K6,0,manual,"49.10,35.95",0,K5,0,manual,"47.70,25.15",0,K8,0,manual,"51.60,58.05",0,K7,0,manual,"50.10,46.65",0,K2,0,manual,"33.10,46.00",0,K1,0,manual,"29.00,56.70",0,180,Cone_92.jpg,80,80
,,,,,,,,,,,,,,,,,,,,,,,,,,,,,,,,,,,,,,,,179,Cone_91.jpg,80,80
K8,0,manual,"43.70,47.05",0,K6,0,manual,"42.00,36.05",0,K4,0,manual,"37.60,30.55",0,K2,0,manual,"35.50,41.00",0,K1,0,manual,"33.60,46.80",0,K3,0,manual,"36.50,36.00",0,K5,0,manual,"41.50,30.45",0,K7,0,manual,"43.00,41.15",0,178,Cone_90.jpg,80,80
K3,0,manual,"36.50,36.00",0,K6,0,manual,"44.20,35.45",0,K5,0,manual,"42.70,29.15",0,K1,0,manual,"33.20,48.60",0,K4,0,manual,"38.40,29.35",0,K7,0,manual,"45.70,42.15",0,K2,0,manual,"35.20,41.90",0,K8,0,manual,"46.80,48.65",0,177,Cone_9.jpg,80,80
K2,0,manual,"35.50,45.40",0,K4,0,manual,"37.80,38.05",0,K6,0,manual,"41.70,41.85",0,K5,0,manual,"40.50,37.75",0,K3,0,manual,"36.90,41.80",0,K8,0,manual,"42.90,50.45",0,K1,0,manual,"34.10,50.00",0,K7,0,manual,"42.30,45.65",0,176,Cone_89.jpg,80,80
,,,,,,,,,,,,,,,,,,,,,,,,,,,,,,,,,,,,,,,,175,Cone_88.jpg,80,80
K8,0,manual,"42.90,48.45",0,K2,0,manual,"34.70,44.20",0,K1,0,manual,"33.00,48.60",0,K4,0,manual,"37.40,34.55",0,K3,0,manual,"36.40,39.10",0,K5,0,manual,"40.30,34.35",0,K6,0,manual,"41.20,39.35",0,K7,0,manual,"42.10,44.05",0,174,Cone_87.jpg,80,80
K4,0,manual,"37.70,34.05",0,K3,0,manual,"36.40,39.30",0,K7,0,manual,"43.80,45.45",0,K1,0,manual,"33.00,52.10",0,K6,0,manual,"43.00,39.35",0,K8,0,manual,"45.40,51.55",0,K2,0,manual,"34.90,45.20",0,K5,0,manual,"41.20,33.95",0,173,Cone_86.jpg,80,80
K2,0,manual,"36.20,43.40",0,K7,0,manual,"44.50,43.15",0,K4,0,manual,"38.40,32.35",0,K6,0,manual,"43.80,38.20",0,K3,0,manual,"37.40,37.80",0,K5,0,manual,"42.30,32.45",0,K1,0,manual,"34.70,48.00",0,K8,0,manual,"45.60,47.95",0,172,Cone_85.jpg,80,80
,,,,,,,,,,,,,,,,,,,,,,,,,,,,,,,,,,,,,,,,171,Cone_84.jpg,80,80
K3,0,manual,"11.20,34.45",0,K2,0,manual,"9.60,42.25",0,K5,0,manual,"18.50,25.05",0,K7,0,manual,"22.40,42.15",0,K6,0,manual,"20.30,34.05",0,K1,0,manual,"6.80,51.45",0,K8,0,manual,"24.90,51.05",0,K4,0,manual,"13.20,24.95",0,170,Cone_83.jpg,55,80
K7,0,manual,"50.80,43.85",0,K5,0,manual,"38.60,5.30",0,K4,0,manual,"26.10,5.95",0,K6,0,manual,"44.30,25.95",0,K8,0,manual,"59.00,62.75",0,K2,0,manual,"21.70,46.50",0,K3,0,manual,"23.40,27.10",0,K1,0,manual,"17.80,66.00",0,169,Cone_82.jpg,80,80
K8,0,manual,"50.20,52.25",0,K3,0,manual,"37.10,35.90",0,K7,0,manual,"46.80,44.15",0,K1,0,manual,"32.30,52.70",0,K4,0,manual,"38.40,27.55",0,K5,0,manual,"43.50,27.85",0,K2,0,manual,"34.90,44.00",0,K6,0,manual,"45.30,36.05",0,168,Cone_81.jpg,80,80
K1,0,manual,"32.00,49.30",0,K5,0,manual,"43.60,26.25",0,K3,0,manual,"36.80,33.40",0,K2,0,manual,"34.60,41.00",0,K4,0,manual,"38.60,26.25",0,K6,0,manual,"45.20,32.85",0,K7,0,manual,"47.40,41.35",0,K8,0,manual,"48.60,49.15",0,167,Cone_80.jpg,80,80
K8,0,manual,"50.50,52.65",0,K7,0,manual,"47.90,43.65",0,K2,0,manual,"34.00,42.90",0,K3,0,manual,"36.30,34.60",0,K6,0,manual,"45.90,34.25",0,K5,0,manual,"44.30,26.25",0,K1,0,manual,"30.90,52.30",0,K4,0,manual,"38.70,26.35",0,166,Cone_8.jpg,80,80
,,,,,,,,,,,,,,,,,,,,,,,,,,,,,,,,,,,,,,,,165,Cone_79.jpg,80,80
K3,0,manual,"37.00,40.70",0,K5,0,manual,"40.90,36.05",0,K2,0,manual,"36.00,44.80",0,K1,0,manual,"34.80,50.20",0,K7,0,manual,"42.30,44.80",0,K4,0,manual,"37.80,35.95",0,K6,0,manual,"41.80,40.45",0,K8,0,manual,"43.70,49.75",0,164,Cone_78.jpg,80,80
K8,0,manual,"58.70,62.05",0,K1,0,manual,"20.30,62.30",0,K2,0,manual,"25.10,45.20",0,K7,0,manual,"52.30,44.95",0,K3,0,manual,"28.80,28.40",0,K6,0,manual,"47.70,28.55",0,K5,0,manual,"44.00,9.85",0,K4,0,manual,"32.30,10.15",0,163,Cone_77.jpg,80,80
K5,0,manual,"44.40,24.25",0,K1,0,manual,"29.80,54.10",0,K3,0,manual,"35.60,34.50",0,K2,0,manual,"32.60,44.10",0,K7,0,manual,"47.90,44.35",0,K6,0,manual,"46.00,34.75",0,K4,0,manual,"37.00,24.35",0,K8,0,manual,"50.40,54.00",0,162,Cone_76.jpg,80,80
K8,0,manual,"46.60,49.00",0,K3,0,manual,"35.90,34.60",0,K7,0,manual,"45.60,41.65",0,K5,0,manual,"42.10,26.75",0,K2,0,manual,"34.20,41.80",0,K1,0,manual,"32.80,49.70",0,K6,0,manual,"43.50,34.35",0,K4,0,manual,"37.30,26.95",0,161,Cone_75.jpg,80,80
,,,,,,,,,,,,,,,,,,,,,,,,,,,,,,,,,,,,,,,,160,Cone_74.jpg,53,80
,,,,,,,,,,,,,,,,,,,,,,,,,,,,,,,,,,,,,,,,159,Cone_73.jpg,56,80
K6,0,manual,"46.50,32.65",0,K7,0,manual,"48.70,42.85",0,K1,0,manual,"31.30,53.40",0,K4,0,manual,"37.90,23.95",0,K5,0,manual,"44.50,24.05",0,K2,0,manual,"33.80,42.50",0,K3,0,manual,"36.30,33.00",0,K8,0,manual,"51.60,52.35",0,158,Cone_72.jpg,80,80
K8,0,manual,"47.00,48.85",0,K1,0,manual,"31.60,50.10",0,K6,0,manual,"43.70,33.25",0,K4,0,manual,"36.30,26.05",0,K5,0,manual,"42.20,25.85",0,K7,0,manual,"45.70,41.05",0,K3,0,manual,"34.90,33.70",0,K2,0,manual,"33.30,40.70",0,157,Cone_71.jpg,80,80
K7,0,manual,"56.60,44.65",0,K6,0,manual,"50.80,24.45",0,K2,0,manual,"22.80,45.10",0,K5,0,manual,"45.30,2.45",0,K1,0,manual,"18.20,67.20",0,K4,0,manual,"31.10,2.85",0,K3,0,manual,"26.80,24.80",0,K8,0,manual,"62.90,64.75",0,156,Cone_70.jpg,80,80
,,,,,,,,,,,,,,,,,,,,,,,,,,,,,,,,,,,,,,,,155,Cone_7.jpg,80,80
K8,0,manual,"47.30,47.95",0,K5,0,manual,"43.80,27.95",0,K6,0,manual,"44.60,34.75",0,K7,0,manual,"46.00,40.95",0,K1,0,manual,"33.90,48.00",0,K4,0,manual,"39.00,27.75",0,K2,0,manual,"36.10,41.00",0,K3,0,manual,"38.00,34.60",0,154,Cone_69.jpg,80,80
,,,,,,,,,,,,,,,,,,,,,,,,,,,,,,,,,,,,,,,,153,Cone_68.jpg,80,80
,,,,,,,,,,,,,,,,,,,,,,,,,,,,,,,,,,,,,,,,152,Cone_67.jpg,80,80
K1,0,manual,"34.60,48.30",0,K4,0,manual,"40.80,28.25",0,K7,0,manual,"46.70,41.65",0,K5,0,manual,"45.60,28.35",0,K6,0,manual,"46.40,34.35",0,K2,0,manual,"37.00,41.40",0,K3,0,manual,"39.00,34.40",0,K8,0,manual,"48.50,48.35",0,151,Cone_66.jpg,80,80
K8,0,manual,"69.70,67.45",0,K7,0,manual,"61.50,43.45",0,K2,0,manual,"19.70,44.90",0,K3,0,manual,"24.80,18.90",0,K1,0,manual,"13.90,72.10",0,K6,0,manual,"54.80,18.75",0,,,,,,,,,,,150,Cone_65.jpg,80,80
K5,0,manual,"44.10,30.45",0,K7,0,manual,"45.50,42.75",0,K1,0,manual,"34.50,48.30",0,K4,0,manual,"39.50,30.25",0,K2,0,manual,"36.20,42.30",0,K3,0,manual,"37.90,36.50",0,K6,0,manual,"44.80,36.35",0,K8,0,manual,"46.00,48.25",0,149,Cone_64.jpg,80,80
K8,0,manual,"56.60,61.55",0,K4,0,manual,"33.90,10.15",0,K6,0,manual,"48.40,27.60",0,K3,0,manual,"29.40,27.10",0,K2,0,manual,"24.50,43.90",0,K1,0,manual,"18.80,61.10",0,K5,0,manual,"44.80,10.05",0,K7,0,manual,"51.50,44.65",0,148,Cone_63.jpg,80,80
K1,0,manual,"34.30,49.20",0,K2,0,manual,"36.20,42.10",0,K4,0,manual,"39.60,27.95",0,K6,0,manual,"45.60,34.95",0,K7,0,manual,"47.10,42.65",0,K3,0,manual,"38.10,34.50",0,K5,0,manual,"45.10,28.15",0,K8,0,manual,"48.80,49.15",0,147,Cone_62.jpg,80,80
K8,0,manual,"45.00,47.75",0,K1,0,manual,"35.60,47.50",0,K2,0,manual,"36.90,42.80",0,K3,0,manual,"38.40,37.50",0,K5,0,manual,"43.10,33.75",0,K4,0,manual,"39.50,33.65",0,K6,0,manual,"43.50,38.25",0,K7,0,manual,"44.10,43.00",0,146,Cone_61.jpg,80,80
,,,,,,,,,,,,,,,,,,,,,,,,,,,,,,,,,,,,,,,,145,Cone_60.jpg,80,80
K6,0,manual,"46.30,28.80",0,K2,0,manual,"26.60,43.80",0,K5,0,manual,"43.80,13.55",0,K3,0,manual,"30.60,29.20",0,K4,0,manual,"33.20,13.65",0,K7,0,manual,"49.30,43.55",0,K1,0,manual,"22.20,57.50",0,K8,0,manual,"54.30,58.65",0,144,Cone_6.jpg,80,80
,,,,,,,,,,,,,,,,,,,,,,,,,,,,,,,,,,,,,,,,143,Cone_59.jpg,80,80
K8,0,manual,"47.30,51.45",0,K3,0,manual,"36.30,36.00",0,K6,0,manual,"45.00,36.30",0,K4,0,manual,"37.50,28.75",0,K7,0,manual,"46.00,44.05",0,K2,0,manual,"34.50,43.70",0,K5,0,manual,"43.70,28.75",0,K1,0,manual,"32.20,51.30",0,142,Cone_58.jpg,80,80
K4,0,manual,"39.10,26.35",0,K6,0,manual,"47.00,34.65",0,K7,0,manual,"48.50,43.15",0,K3,0,manual,"37.80,34.90",0,K2,0,manual,"35.00,43.10",0,K5,0,manual,"45.60,26.25",0,K1,0,manual,"32.20,51.30",0,K8,0,manual,"49.00,52.55",0,141,Cone_57.jpg,80,80
K8,0,manual,"52.20,52.55",0,K6,0,manual,"48.90,33.35",0,K5,0,manual,"47.10,23.45",0,K3,0,manual,"37.70,32.90",0,K2,0,manual,"35.40,41.90",0,K7,0,manual,"50.70,42.45",0,K4,0,manual,"39.30,23.45",0,K1,0,manual,"32.40,51.20",0,140,Cone_56.jpg,80,80
K7,0,manual,"47.40,42.55",0,K3,0,manual,"38.20,35.40",0,K4,0,manual,"40.20,27.85",0,K6,0,manual,"46.20,35.45",0,K1,0,manual,"34.50,49.10",0,K2,0,manual,"36.70,42.20",0,K5,0,manual,"46.00,27.75",0,K8,0,manual,"48.90,49.45",0,139,Cone_55.jpg,80,80
K8,0,manual,"45.40,49.15",0,K2,0,manual,"35.80,43.90",0,K1,0,manual,"34.30,49.20",0,K3,0,manual,"37.50,37.80",0,K6,0,manual,"44.00,37.75",0,K7,0,manual,"44.60,44.15",0,K4,0,manual,"38.80,32.65",0,K5,0,manual,"43.80,32.45",0,138,Cone_54.jpg,80,80
K4,0,manual,"40.30,34.25",0,K3,0,manual,"39.40,40.00",0,K1,0,manual,"35.40,51.50",0,K5,0,manual,"44.70,34.05",0,K2,0,manual,"37.70,45.60",0,K6,0,manual,"45.10,40.25",0,K7,0,manual,"46.00,45.55",0,K8,0,manual,"46.90,51.65",0,137,Cone_53.jpg,80,80
K8,0,manual,"47.40,51.75",0,K7,0,manual,"46.30,43.75",0,K4,0,manual,"36.60,27.85",0,K2,0,manual,"33.60,44.00",0,K3,0,manual,"35.10,35.80",0,K6,0,manual,"44.50,35.75",0,K5,0,manual,"42.80,27.95",0,K1,0,manual,"32.00,52.50",0,136,Cone_52.jpg,80,80
K2,0,manual,"25.30,59.40",0,K1,0,manual,"23.80,65.40",0,K5,0,manual,"49.10,6.25",0,K6,0,manual,"50.80,19.65",0,K3,0,manual,"38.40,18.60",0,K7,0,manual,"56.40,60.25",0,K4,0,manual,"41.10,6.15",0,K8,0,manual,"56.90,67.25",0,135,Cone_51.jpg,80,80
,,,,,,,,,,,,,,,,,,,,,,,,,,,,,,,,,,,,,,,,134,Cone_50.jpg,80,80
K8,0,manual,"50.80,58.00",0,K2,0,manual,"31.00,54.10",0,K1,0,manual,"29.80,56.80",0,K4,0,manual,"40.10,18.35",0,K3,0,manual,"38.20,26.20",0,K5,0,manual,"46.00,18.55",0,K6,0,manual,"46.50,26.45",0,K7,0,manual,"50.40,54.75",0,133,Cone_5.jpg,80,80
K7,0,manual,"46.30,50.45",0,K5,0,manual,"43.50,25.35",0,K1,0,manual,"32.50,53.30",0,K6,0,manual,"44.20,31.55",0,K3,0,manual,"37.70,31.70",0,K4,0,manual,"39.20,25.25",0,K2,0,manual,"33.50,50.50",0,K8,0,manual,"46.90,53.15",0,132,Cone_49.jpg,80,80
K8,0,manual,"45.90,49.65",0,K4,0,manual,"39.00,30.45",0,K5,0,manual,"43.30,30.25",0,K3,0,manual,"37.30,37.20",0,K2,0,manual,"35.30,42.70",0,K6,0,manual,"44.40,37.20",0,K7,0,manual,"45.50,43.05",0,K1,0,manual,"33.10,49.20",0,131,Cone_48.jpg,80,80
,,,,,,,,,,,,,,,,,,,,,,,,,,,,,,,,,,,,,,,,130,Cone_47.jpg,80,80
K6,0,manual,"44.80,35.05",0,K3,0,manual,"36.80,34.90",0,K2,0,manual,"34.50,42.20",0,K7,0,manual,"45.50,42.35",0,K1,0,manual,"31.90,50.70",0,K5,0,manual,"43.90,26.95",0,K4,0,manual,"38.60,26.85",0,K8,0,manual,"46.80,49.95",0,129,Cone_46.jpg,80,80
K8,0,manual,"45.70,49.95",0,K3,0,manual,"36.20,35.80",0,K2,0,manual,"34.10,43.00",0,K7,0,manual,"44.70,43.75",0,K4,0,manual,"38.00,29.95",0,K6,0,manual,"43.80,35.75",0,K5,0,manual,"43.30,29.95",0,K1,0,manual,"32.50,50.50",0,128,Cone_45.jpg,80,80
K1,0,manual,"17.70,65.60",0,K7,0,manual,"58.80,42.65",0,K2,0,manual,"22.90,43.10",0,K3,0,manual,"28.10,21.80",0,K6,0,manual,"52.80,22.65",0,K8,0,manual,"64.50,64.35",0,,,,,,,,,,,127,Cone_44.jpg,80,80
K8,0,manual,"49.20,52.65",0,K5,0,manual,"43.50,26.35",0,K1,0,manual,"30.70,52.00",0,K4,0,manual,"38.20,26.15",0,K6,0,manual,"45.10,35.85",0,K7,0,manual,"46.10,43.65",0,K2,0,manual,"33.30,43.10;33.30,43.10",0,K3,0,manual,"35.50,35.20",0,126,Cone_43.jpg,80,80
K1,0,manual,"31.00,51.20",0,K5,0,manual,"43.40,27.45",0,K2,0,manual,"33.30,43.10",0,K3,0,manual,"35.20,35.00",0,K4,0,manual,"38.10,27.15",0,K7,0,manual,"45.50,43.65",0,K6,0,manual,"44.50,35.35",0,K8,0,manual,"47.40,51.25",0,125,Cone_42.jpg,80,80
K8,0,manual,"44.20,47.85",0,K1,0,manual,"36.00,47.40",0,K6,0,manual,"43.60,39.05",0,K7,0,manual,"43.90,43.85",0,K4,0,manual,"39.60,35.45",0,K3,0,manual,"38.70,38.90",0,K2,0,manual,"37.30,43.20",0,K5,0,manual,"42.70,35.45",0,124,Cone_41.jpg,80,80
K2,0,manual,"29.00,43.70",0,K3,0,manual,"33.50,28.10",0,K6,0,manual,"50.80,29.25",0,K4,0,manual,"37.30,12.55",0,K5,0,manual,"48.90,12.05",0,K1,0,manual,"23.60,59.50",0,K7,0,manual,"53.70,44.35",0,K8,0,manual,"57.70,59.55",0,123,Cone_40.jpg,80,80
K8,0,manual,"44.20,45.95",0,K5,0,manual,"43.20,34.35",0,K6,0,manual,"43.50,38.05",0,K3,0,manual,"39.00,38.00",0,K1,0,manual,"36.70,45.60",0,K4,0,manual,"40.10,34.25",0,K7,0,manual,"43.80,42.45",0,K2,0,manual,"37.70,42.20",0,122,Cone_4.jpg,80,80
K2,0,manual,"31.60,45.40",0,K6,0,manual,"50.50,33.25",0,K1,0,manual,"25.70,57.50",0,K4,0,manual,"39.80,18.55",0,K5,0,manual,"49.80,18.55",0,K7,0,manual,"52.20,46.55",0,K3,0,manual,"36.50,32.50",0,K8,0,manual,"54.30,60.65",0,121,Cone_39.jpg,80,80
K8,0,manual,"50.30,53.65",0,K6,0,manual,"47.40,35.35",0,K1,0,manual,"29.60,52.60",0,K7,0,manual,"48.10,43.95",0,K5,0,manual,"47.30,27.05",0,K4,0,manual,"39.40,26.75",0,K3,0,manual,"36.80,35.30",0,K2,0,manual,"33.80,43.60",0,120,Cone_38.jpg,80,80
K4,0,manual,"40.70,22.45",0,K1,0,manual,"29.40,57.70",0,K5,0,manual,"45.20,22.95",0,K7,0,manual,"47.10,53.35",0,K2,0,manual,"30.60,53.50",0,K3,0,manual,"37.60,31.50",0,K6,0,manual,"45.70,31.05",0,K8,0,manual,"47.60,57.85",0,119,Cone_37.jpg,80,80
K8,0,manual,"45.90,48.65",0,K5,0,manual,"42.00,31.05",0,K6,0,manual,"43.40,36.85",0,K1,0,manual,"33.10,48.90",0,K7,0,manual,"44.20,42.75",0,K3,0,manual,"36.60,37.30",0,K2,0,manual,"35.40,42.90",0,K4,0,manual,"38.30,31.15",0,118,Cone_36.jpg,80,80
,,,,,,,,,,,,,,,,,,,,,,,,,,,,,,,,,,,,,,,,117,Cone_35.jpg,80,80
K7,0,manual,"46.50,42.55",0,K2,0,manual,"34.00,42.60",0,K3,0,manual,"36.30,34.70",0,K6,0,manual,"45.10,34.85",0,K4,0,manual,"37.90,27.35",0,K1,0,manual,"31.70,51.10",0,K5,0,manual,"43.80,27.15",0,K8,0,manual,"48.50,50.95",0,116,Cone_34.jpg,80,80
,,,,,,,,,,,,,,,,,,,,,,,,,,,,,,,,,,,,,,,,115,Cone_33.jpg,47,80
,,,,,,,,,,,,,,,,,,,,,,,,,,,,,,,,,,,,,,,,114,Cone_32.jpg,80,80
,,,,,,,,,,,,,,,,,,,,,,,,,,,,,,,,,,,,,,,,113,Cone_31.jpg,80,80
K8,0,manual,"49.60,53.15",0,K7,0,manual,"47.60,43.15",0,K4,0,manual,"35.70,23.15",0,K6,0,manual,"45.10,33.55",0,K1,0,manual,"29.60,54.50",0,K5,0,manual,"42.90,23.25",0,K2,0,manual,"31.60,43.60",0,K3,0,manual,"33.80,33.90",0,112,Cone_30.jpg,80,80
K4,0,manual,"39.20,27.85",0,K6,0,manual,"44.80,34.75",0,K5,0,manual,"44.00,27.75",0,K3,0,manual,"37.20,34.80",0,K1,0,manual,"32.30,48.80",0,K7,0,manual,"45.70,42.35",0,K2,0,manual,"35.00,41.20",0,K8,0,manual,"46.70,49.35",0,111,Cone_3.jpg,80,80
K8,0,manual,"46.50,50.55",0,K7,0,manual,"45.80,42.25",0,K3,0,manual,"36.60,35.00",0,K4,0,manual,"38.00,27.95",0,K6,0,manual,"45.10,35.50",0,K5,0,manual,"43.70,28.05",0,K1,0,manual,"32.90,50.30",0,K2,0,manual,"34.50,42.60",0,110,Cone_29.jpg,80,80
,,,,,,,,,,,,,,,,,,,,,,,,,,,,,,,,,,,,,,,,109,Cone_28.jpg,80,80
K5,0,manual,"43.50,27.25",0,K7,0,manual,"47.20,46.15",0,K2,0,manual,"32.80,46.10",0,K1,0,manual,"29.70,56.70",0,K3,0,manual,"35.20,37.00",0,K4,0,manual,"36.80,27.25",0,K6,0,manual,"45.40,36.95",0,K8,0,manual,"50.50,56.15",0,108,Cone_27.jpg,80,80
K8,0,manual,"44.30,49.55",0,K1,0,manual,"33.10,49.60",0,K5,0,manual,"41.10,34.95",0,K7,0,manual,"43.10,44.25",0,K2,0,manual,"34.70,44.10",0,K4,0,manual,"37.20,35.05",0,K3,0,manual,"36.20,39.90",0,K6,0,manual,"42.00,39.75",0,107,Cone_26.jpg,80,80
K4,0,manual,"37.60,23.60",0,K7,0,manual,"48.50,41.95",0,K5,0,manual,"43.90,23.30",0,K3,0,manual,"35.10,33.20",0,K6,0,manual,"46.50,32.75",0,K1,0,manual,"29.40,52.70",0,K2,0,manual,"32.80,42.20",0,K8,0,manual,"50.90,51.85",0,106,Cone_25.jpg,80,80
K8,0,manual,"69.20,66.55",0,K3,0,manual,"17.40,17.90",0,K7,0,manual,"57.00,41.75",0,K2,0,manual,"13.40,44.90",0,K1,0,manual,"6.80,72.70",0,K6,0,manual,"48.30,15.75",0,,,,,,,,,,,105,Cone_24.jpg,80,80
K1,0,manual,"33.40,50.10",0,K7,0,manual,"44.60,43.85",0,K3,0,manual,"37.10,37.70",0,K6,0,manual,"43.50,38.05",0,K4,0,manual,"38.20,31.95",0,K5,0,manual,"42.90,31.90",0,K2,0,manual,"35.10,43.80",0,K8,0,manual,"45.50,50.15",0,104,Cone_23.jpg,80,80
K8,0,manual,"48.90,49.95",0,K3,0,manual,"36.10,34.00",0,K5,0,manual,"42.80,25.95",0,K4,0,manual,"37.70,26.05",0,K7,0,manual,"46.90,42.15",0,K2,0,manual,"33.40,42.60",0,K1,0,manual,"31.60,50.50",0,K6,0,manual,"44.70,33.85",0,103,Cone_22.jpg,80,80
K6,0,manual,"43.50,38.75",0,K3,0,manual,"37.80,38.90",0,K4,0,manual,"39.00,33.95",0,K5,0,manual,"42.50,33.65",0,K2,0,manual,"36.30,44.20",0,K1,0,manual,"35.00,49.10",0,K7,0,manual,"44.30,43.55",0,K8,0,manual,"45.30,49.25",0,102,Cone_21.jpg,80,80
K8,0,manual,"54.30,55.45",0,K3,0,manual,"31.80,29.90",0,K2,0,manual,"28.80,42.40",0,K5,0,manual,"43.30,15.65",0,K4,0,manual,"35.30,15.95",0,K7,0,manual,"50.80,42.45",0,K6,0,manual,"47.30,28.95",0,K1,0,manual,"25.40,56.00",0,101,Cone_20.jpg,80,80
K4,0,manual,"39.10,27.05",0,K2,0,manual,"35.60,42.90",0,K7,0,manual,"47.80,42.95",0,K5,0,manual,"44.90,27.05",0,K1,0,manual,"32.30,50.80",0,K6,0,manual,"46.00,34.75",0,K3,0,manual,"37.80,34.80",0,K8,0,manual,"49.10,50.05",0,100,Cone_2.jpg,80,80
K8,0,manual,"44.60,46.95",0,K3,0,manual,"37.80,36.20",0,K5,0,manual,"43.00,31.05",0,K7,0,manual,"44.00,42.05",0,K2,0,manual,"36.00,41.20",0,K1,0,manual,"33.90,47.00",0,K4,0,manual,"38.90,30.85",0,K6,0,manual,"43.70,36.00",0,99,Cone_19.jpg,80,80
K2,0,manual,"35.10,42.20",0,K4,0,manual,"40.30,24.15",0,K6,0,manual,"47.40,33.75",0,K7,0,manual,"48.60,42.45",0,K5,0,manual,"46.40,24.05",0,K3,0,manual,"38.10,33.50",0,K1,0,manual,"32.60,50.90",0,K8,0,manual,"51.00,51.70",0,98,Cone_187.jpg,80,80
,,,,,,,,,,,,,,,,,,,,,,,,,,,,,,,,,,,,,,,,97,Cone_186.jpg,80,80
,,,,,,,,,,,,,,,,,,,,,,,,,,,,,,,,,,,,,,,,96,Cone_185.jpg,80,80
,,,,,,,,,,,,,,,,,,,,,,,,,,,,,,,,,,,,,,,,95,Cone_184.jpg,80,80
K8,0,manual,"51.80,52.65",0,K2,0,manual,"32.90,41.40",0,K1,0,manual,"29.00,51.20",0,K6,0,manual,"47.80,32.05",0,K3,0,manual,"35.80,31.40",0,K4,0,manual,"39.10,21.05",0,K7,0,manual,"49.30,41.85",0,K5,0,manual,"46.40,20.95",0,94,Cone_183.jpg,80,80
K7,0,manual,"45.70,40.95",0,K6,0,manual,"45.10,34.85",0,K1,0,manual,"33.60,47.30",0,K4,0,manual,"39.10,28.55",0,K3,0,manual,"38.20,34.90",0,K5,0,manual,"44.10,28.55",0,K2,0,manual,"35.70,40.80",0,K8,0,manual,"46.80,47.45",0,93,Cone_182.jpg,80,80
K8,0,manual,"47.90,49.55",0,K6,0,manual,"45.60,35.75",0,K1,0,manual,"32.70,49.90",0,K3,0,manual,"37.30,35.10",0,K7,0,manual,"46.80,42.85",0,K4,0,manual,"38.70,27.15",0,K5,0,manual,"44.80,27.45",0,K2,0,manual,"35.00,42.80",0,92,Cone_181.jpg,80,80
K5,0,manual,"44.30,27.45",0,K2,0,manual,"34.60,41.50",0,K1,0,manual,"31.80,48.80",0,K4,0,manual,"38.70,27.15",0,K7,0,manual,"45.80,42.05",0,K6,0,manual,"45.80,34.65",0,K3,0,manual,"36.80,34.50",0,K8,0,manual,"47.00,48.95",0,91,Cone_180.jpg,80,80
K8,0,manual,"54.90,54.75",0,K7,0,manual,"51.00,42.35",0,K5,0,manual,"44.30,17.15",0,K2,0,manual,"29.30,42.90",0,K1,0,manual,"26.50,56.30",0,K4,0,manual,"34.50,17.40",0,K3,0,manual,"32.70,30.20",0,K6,0,manual,"46.90,29.65",0,90,Cone_18.jpg,80,80
K6,0,manual,"45.00,34.70",0,K7,0,manual,"45.90,41.40",0,K1,0,manual,"33.30,47.60",0,K2,0,manual,"36.10,41.50",0,K4,0,manual,"39.50,28.05",0,K5,0,manual,"44.80,28.45",0,K3,0,manual,"38.00,34.80",0,K8,0,manual,"46.90,47.95",0,89,Cone_179.jpg,80,80
,,,,,,,,,,,,,,,,,,,,,,,,,,,,,,,,,,,,,,,,88,Cone_178.jpg,80,80
K8,0,manual,"49.80,50.65",0,K4,0,manual,"37.10,22.60",0,K1,0,manual,"28.90,50.30",0,K3,0,manual,"35.40,32.50",0,K6,0,manual,"44.80,32.15",0,K5,0,manual,"43.40,22.55;43.40,22.55",0,K2,0,manual,"32.50,40.90",0,K7,0,manual,"46.70,41.00",0,87,Cone_177.jpg,80,80
,,,,,,,,,,,,,,,,,,,,,,,,,,,,,,,,,,,,,,,,86,Cone_176.jpg,80,80
,,,,,,,,,,,,,,,,,,,,,,,,,,,,,,,,,,,,,,,,85,Cone_175.jpg,80,80
K5,0,manual,"43.70,29.65",0,K2,0,manual,"34.90,43.60",0,K7,0,manual,"46.10,43.85",0,K3,0,manual,"37.40,36.60",0,K1,0,manual,"32.50,50.60",0,K6,0,manual,"44.80,36.75",0,K4,0,manual,"39.20,29.80",0,K8,0,manual,"48.00,50.55",0,84,Cone_174.jpg,80,80
K8,0,manual,"47.00,49.35",0,K6,0,manual,"44.30,34.55",0,K7,0,manual,"45.70,42.85",0,K5,0,manual,"43.00,26.45",0,K3,0,manual,"36.60,34.50",0,K4,0,manual,"38.60,26.25",0,K1,0,manual,"32.30,49.20",0,K2,0,manual,"34.70,42.10",0,83,Cone_173.jpg,80,80
K5,0,manual,"44.30,29.25",0,K1,0,manual,"34.60,48.00",0,K3,0,manual,"38.00,35.80",0,K6,0,manual,"45.10,35.75",0,K4,0,manual,"39.50,29.15",0,K7,0,manual,"45.70,42.05",0,K2,0,manual,"36.20,41.50",0,K8,0,manual,"47.10,48.75",0,82,Cone_172.jpg,80,80
K8,0,manual,"50.90,50.65",0,K3,0,manual,"38.30,34.60",0,K5,0,manual,"45.90,26.95",0,K2,0,manual,"35.70,42.20",0,K7,0,manual,"48.90,42.65",0,K6,0,manual,"47.30,34.75",0,K1,0,manual,"33.30,49.90",0,K4,0,manual,"39.90,27.25",0,81,Cone_171.jpg,80,80
K1,0,manual,"35.40,50.60",0,K4,0,manual,"39.50,34.35",0,K3,0,manual,"38.50,39.60",0,K5,0,manual,"43.80,34.35",0,K7,0,manual,"44.90,45.65",0,K6,0,manual,"44.10,39.65",0,K2,0,manual,"36.70,45.20",0,K8,0,manual,"45.70,50.25",0,80,Cone_170.jpg,80,80
K8,0,manual,"48.90,51.05",0,K4,0,manual,"38.10,25.65",0,K6,0,manual,"45.50,33.95",0,K3,0,manual,"36.90,34.20",0,K7,0,manual,"46.70,42.05",0,K5,0,manual,"44.00,25.65",0,K2,0,manual,"34.10,42.00",0,K1,0,manual,"31.50,50.60",0,79,Cone_17.jpg,80,80
,,,,,,,,,,,,,,,,,,,,,,,,,,,,,,,,,,,,,,,,78,Cone_169.jpg,80,80
K7,0,manual,"16.10,43.25",0,K5,0,manual,"13.20,28.85",0,K2,0,manual,"5.20,43.55",0,K1,0,manual,"3.10,51.65",0,K4,0,manual,"8.30,28.95",0,K3,0,manual,"6.40,35.45",0,K6,0,manual,"14.40,35.55",0,K8,0,manual,"17.20,51.05",0,77,Cone_168.jpg,51,80
,,,,,,,,,,,,,,,,,,,,,,,,,,,,,,,,,,,,,,,,76,Cone_167.jpg,80,80
K2,0,manual,"27.20,56.30",0,K8,0,manual,"55.90,68.25",0,K1,0,manual,"24.60,67.40",0,K3,0,manual,"36.20,22.10",0,K4,0,manual,"38.00,12.25",0,K6,0,manual,"47.60,21.95",0,K7,0,manual,"54.10,56.25",0,K5,0,manual,"46.30,12.05",0,75,Cone_166.jpg,80,80
K7,0,manual,"44.10,44.15",0,K2,0,manual,"36.40,43.80",0,K5,0,manual,"43.30,34.35",0,K6,0,manual,"43.80,39.45",0,K3,0,manual,"38.00,39.00",0,K1,0,manual,"35.20,49.00",0,K4,0,manual,"38.90,34.45",0,K8,0,manual,"44.60,49.45",0,74,Cone_165.jpg,80,80
K8,0,manual,"48.60,51.85",0,K3,0,manual,"37.60,34.60",0,K7,0,manual,"46.60,42.95",0,K2,0,manual,"34.30,42.50",0,K4,0,manual,"39.40,26.75",0,K5,0,manual,"45.30,27.05",0,K6,0,manual,"46.00,35.35",0,K1,0,manual,"31.80,51.20",0,73,Cone_164.jpg,80,80
,,,,,,,,,,,,,,,,,,,,,,,,,,,,,,,,,,,,,,,,72,Cone_163.jpg,80,80
K7,0,manual,"44.90,44.85",0,K4,0,manual,"38.90,31.75",0,K1,0,manual,"33.40,50.80",0,K2,0,manual,"34.80,45.00",0,K6,0,manual,"44.50,38.95",0,K5,0,manual,"43.80,31.85",0,K3,0,manual,"37.40,38.30",0,K8,0,manual,"45.80,51.15",0,71,Cone_162.jpg,80,80
K8,0,manual,"44.30,47.65",0,K1,0,manual,"32.00,47.70",0,K3,0,manual,"35.70,35.20",0,K2,0,manual,"34.10,41.20",0,K4,0,manual,"37.30,28.65",0,K6,0,manual,"43.50,35.15",0,K5,0,manual,"42.40,28.15",0,K7,0,manual,"44.10,41.50",0,70,Cone_161.jpg,80,80
K4,0,manual,"38.80,33.65",0,K2,0,manual,"36.30,42.70",0,K5,0,manual,"41.80,33.45",0,K3,0,manual,"37.80,37.90",0,K7,0,manual,"43.00,42.50",0,K1,0,manual,"35.40,47.00",0,K6,0,manual,"42.40,37.85",0,K8,0,manual,"43.40,47.15",0,69,Cone_160.jpg,80,80
K8,0,manual,"50.80,53.05",0,K3,0,manual,"33.70,32.20",0,K5,0,manual,"43.30,20.45",0,K2,0,manual,"31.50,42.50",0,K7,0,manual,"49.10,42.45",0,K6,0,manual,"45.40,31.55",0,K1,0,manual,"28.70,54.20",0,K4,0,manual,"35.60,20.55",0,68,Cone_16.jpg,80,80
K4,0,manual,"40.40,25.35",0,K3,0,manual,"37.10,34.40",0,K2,0,manual,"34.60,42.80",0,K6,0,manual,"47.20,34.65",0,K5,0,manual,"46.80,25.15",0,K7,0,manual,"48.30,43.05",0,K1,0,manual,"32.40,50.90",0,K8,0,manual,"49.60,52.45",0,67,Cone_159.jpg,80,80
K8,0,manual,"64.40,62.35",0,K3,0,manual,"28.30,23.50",0,K1,0,manual,"19.90,63.10",0,K2,0,manual,"24.60,43.50",0,K4,0,manual,"32.10,1.15",0,K5,0,manual,"45.70,0.45",0,K6,0,manual,"50.70,22.35",0,K7,0,manual,"56.90,41.45",0,66,Cone_158.jpg,80,80
K5,0,manual,"43.70,26.15",0,K3,0,manual,"38.10,31.50",0,K8,0,manual,"47.80,52.65",0,K1,0,manual,"34.10,52.30",0,K6,0,manual,"43.90,31.45",0,K4,0,manual,"38.50,26.35",0,K2,0,manual,"34.90,50.00",0,K7,0,manual,"47.20,50.50",0,65,Cone_157.jpg,80,80
K1,0,manual,"33.10,51.70",0,K2,0,manual,"34.90,46.00",0,K3,0,manual,"37.10,39.80",0,K7,0,manual,"44.50,46.05",0,K4,0,manual,"38.20,34.15",0,K6,0,manual,"43.90,39.75",0,K8,0,manual,"45.40,52.65",0,K5,0,manual,"43.70,34.45",0,64,Cone_156.jpg,80,80
,,,,,,,,,,,,,,,,,,,,,,,,,,,,,,,,,,,,,,,,63,Cone_155.jpg,80,80
,,,,,,,,,,,,,,,,,,,,,,,,,,,,,,,,,,,,,,,,62,Cone_154.jpg,80,80
,,,,,,,,,,,,,,,,,,,,,,,,,,,,,,,,,,,,,,,,61,Cone_153.jpg,75,80
,,,,,,,,,,,,,,,,,,,,,,,,,,,,,,,,,,,,,,,,60,Cone_152.jpg,48,80
,,,,,,,,,,,,,,,,,,,,,,,,,,,,,,,,,,,,,,,,59,Cone_151.jpg,80,80
,,,,,,,,,,,,,,,,,,,,,,,,,,,,,,,,,,,,,,,,58,Cone_150.jpg,80,80
K8,0,manual,"57.00,58.25",0,K7,0,manual,"52.80,43.85",0,K6,0,manual,"49.30,29.55",0,K3,0,manual,"34.60,29.30",0,K5,0,manual,"47.70,13.85",0,K2,0,manual,"30.50,43.70",0,K1,0,manual,"25.70,57.70",0,K4,0,manual,"38.20,14.30",0,57,Cone_15.jpg,80,80
K7,0,manual,"56.50,43.95",0,K6,0,manual,"47.20,19.35",0,K8,0,manual,"68.20,70.65",0,K2,0,manual,"14.60,48.10",0,K1,0,manual,"11.40,70.00",0,K3,0,manual,"16.30,22.10",0,,,,,,,,,,,56,Cone_149.jpg,80,80
K4,0,manual,"37.10,27.15",0,K7,0,manual,"47.40,43.65",0,K6,0,manual,"45.10,35.95",0,K5,0,manual,"43.30,27.15",0,K8,0,manual,"49.90,52.25",0,K1,0,manual,"31.90,52.60",0,K2,0,manual,"34.00,44.40",0,K3,0,manual,"35.90,37.20",0,55,Cone_148.jpg,80,80
K1,0,manual,"32.10,50.20",0,K7,0,manual,"45.50,43.95",0,K3,0,manual,"35.90,37.70",0,K5,0,manual,"43.30,29.75",0,K6,0,manual,"44.50,37.75",0,K8,0,manual,"47.10,51.25",0,K4,0,manual,"37.90,29.95",0,K2,0,manual,"34.00,44.40",0,54,Cone_147.jpg,80,80
,,,,,,,,,,,,,,,,,,,,,,,,,,,,,,,,,,,,,,,,53,Cone_146.jpg,51,80
,,,,,,,,,,,,,,,,,,,,,,,,,,,,,,,,,,,,,,,,52,Cone_145.jpg,57,80
K4,0,manual,"39.20,21.25",0,K6,0,manual,"50.10,33.85",0,K3,0,manual,"36.60,33.40",0,K5,0,manual,"48.60,21.35",0,K8,0,manual,"54.80,56.55",0,K7,0,manual,"51.80,44.15",0,K1,0,manual,"30.00,54.70",0,K2,0,manual,"33.50,44.30",0,51,Cone_144.jpg,80,80
K8,0,manual,"44.50,48.15",0,K5,0,manual,"42.20,32.05",0,K4,0,manual,"37.60,32.05",0,K6,0,manual,"42.90,37.85",0,K1,0,manual,"33.50,47.30",0,K2,0,manual,"34.50,42.80",0,K3,0,manual,"36.40,37.40",0,K7,0,manual,"43.10,42.65",0,50,Cone_143.jpg,80,80
K7,0,manual,"47.50,42.55",0,K1,0,manual,"29.90,51.90",0,K6,0,manual,"45.50,34.05",0,K2,0,manual,"32.70,42.60",0,K3,0,manual,"34.80,33.90",0,K8,0,manual,"51.10,52.85",0,K5,0,manual,"43.90,24.50",0,K4,0,manual,"37.30,24.80",0,49,Cone_142.jpg,80,80
,,,,,,,,,,,,,,,,,,,,,,,,,,,,,,,,,,,,,,,,48,Cone_141.jpg,80,80
K4,0,manual,"32.80,10.45",0,K8,0,manual,"60.10,62.45",0,K3,0,manual,"30.10,29.80",0,K6,0,manual,"48.80,28.85",0,K2,0,manual,"27.00,46.40",0,K1,0,manual,"23.80,61.50",0,K5,0,manual,"44.90,9.75",0,K7,0,manual,"53.50,45.35",0,47,Cone_140.jpg,80,80
K3,0,manual,"46.10,40.50",0,K2,0,manual,"45.50,42.60",0,K7,0,manual,"48.80,43.05",0,K5,0,manual,"48.20,37.95",0,K8,0,manual,"49.00,45.35",0,K4,0,manual,"46.80,37.95",0,K1,0,manual,"44.90,44.70",0,K6,0,manual,"48.70,40.65",0,46,Cone_14.jpg,80,80
K7,0,manual,"45.70,42.45",0,K6,0,manual,"44.40,36.85",0,K3,0,manual,"37.60,36.70",0,K4,0,manual,"39.20,30.75",0,K8,0,manual,"46.50,48.05",0,K5,0,manual,"43.60,30.85",0,K2,0,manual,"35.80,42.90",0,K1,0,manual,"34.30,48.10",0,45,Cone_139.jpg,80,80
K4,0,manual,"35.90,27.45",0,K6,0,manual,"43.20,36.45",0,K3,0,manual,"35.00,36.50",0,K8,0,manual,"48.00,53.65",0,K5,0,manual,"41.80,27.35",0,K1,0,manual,"30.60,52.90",0,K2,0,manual,"32.40,45.00",0,K7,0,manual,"45.30,44.65",0,44,Cone_138.jpg,80,80
,,,,,,,,,,,,,,,,,,,,,,,,,,,,,,,,,,,,,,,,43,Cone_137.jpg,73,80
K3,0,manual,"37.10,38.80",0,K2,0,manual,"34.90,45.90",0,K4,0,manual,"38.00,32.05",1,K5,0,manual,"42.70,32.15",1,K7,0,manual,"44.50,45.15",1,K6,0,manual,"43.80,38.85",1,K1,0,manual,"32.50,52.10",1,K8,0,manual,"45.90,52.15",1,42,Cone_136.jpg,80,80
K5,0,manual,"42.70,32.95",0,K7,0,manual,"44.10,41.95",0,K1,0,manual,"36.30,45.90",0,K3,0,manual,"39.00,37.30",0,K2,0,manual,"37.40,41.90",0,K4,0,manual,"39.20,33.35",0,K8,0,manual,"44.50,45.95",0,K6,0,manual,"43.30,37.25",0,41,Cone_135.jpg,80,80
K1,0,manual,"37.10,47.50",0,K3,0,manual,"38.50,41.00",0,K7,0,manual,"42.80,44.65",0,K6,0,manual,"42.30,40.65",0,K8,0,manual,"43.00,47.50",0,K4,0,manual,"39.20,37.25",0,K5,0,manual,"42.20,37.35",0,K2,0,manual,"37.70,44.20",0,40,Cone_134.jpg,80,80
,,,,,,,,,,,,,,,,,,,,,,,,,,,,,,,,,,,,,,,,39,Cone_133.jpg,48,80
K2,0,manual,"29.00,42.30",0,K6,0,manual,"46.60,28.85",0,K3,0,manual,"32.30,29.30",0,K5,0,manual,"43.80,15.45",0,K4,0,manual,"34.90,16.05",0,K7,0,manual,"50.80,42.25",0,K1,0,manual,"27.50,54.40",0,K8,0,manual,"54.40,54.95",0,38,Cone_132.jpg,80,80
K7,0,manual,"48.70,41.75",0,K1,0,manual,"31.00,51.90",0,K5,0,manual,"44.60,22.95",0,K3,0,manual,"35.80,32.40",0,K4,0,manual,"37.30,23.15",0,K8,0,manual,"51.50,52.15",0,K6,0,manual,"46.10,32.75",0,K2,0,manual,"33.20,42.00",0,37,Cone_131.jpg,80,80
K3,0,manual,"30.90,25.20",0,K8,0,manual,"60.50,60.95",0,K1,0,manual,"21.70,58.30",0,K4,0,manual,"34.40,4.85",0,K7,0,manual,"55.20,42.45",0,K2,0,manual,"25.70,42.30",0,K6,0,manual,"50.00,24.25",0,K5,0,manual,"47.20,4.95",0,36,Cone_130.jpg,80,80
K3,0,manual,"35.50,33.50",0,K8,0,manual,"48.90,50.95",0,K7,0,manual,"47.00,41.85",0,K6,0,manual,"44.80,33.35",0,K5,0,manual,"44.00,24.65",0,K4,0,manual,"37.50,25.05",0,K2,0,manual,"32.70,42.00",0,K1,0,manual,"29.90,50.40",0,35,Cone_13.jpg,80,80
,,,,,,,,,,,,,,,,,,,,,,,,,,,,,,,,,,,,,,,,34,Cone_129.jpg,80,80
K8,0,manual,"64.30,44.85",0,K4,0,manual,"61.50,36.75",0,K6,0,manual,"64.00,39.25",0,K7,0,manual,"64.20,41.85",0,K3,0,manual,"61.20,39.20",0,K1,0,manual,"59.70,44.60",0,K2,0,manual,"60.40,41.50",0,K5,0,manual,"63.60,36.55",0,33,Cone_128.jpg,80,80
K2,0,manual,"35.30,41.60",0,K8,0,manual,"46.20,48.95",0,K3,0,manual,"37.10,36.00",0,K1,0,manual,"33.50,48.70",0,K6,0,manual,"43.80,36.05",0,K4,0,manual,"38.70,29.85",0,K7,0,manual,"44.50,41.75",0,K5,0,manual,"43.40,29.65",0,32,Cone_127.jpg,80,80
K7,0,manual,"49.80,43.35",0,K8,0,manual,"51.10,53.15",0,K2,0,manual,"35.10,43.00",0,K1,0,manual,"32.50,52.20",0,K4,0,manual,"39.70,25.85",0,K5,0,manual,"47.00,25.45",0,K6,0,manual,"47.50,34.75",0,K3,0,manual,"37.80,34.90",0,31,Cone_126.jpg,80,80
K8,0,manual,"44.00,47.35",0,K1,0,manual,"35.70,46.70",0,K7,0,manual,"43.10,42.65",0,K3,0,manual,"38.40,38.90",0,K2,0,manual,"37.00,42.60",0,K4,0,manual,"39.60,34.85",0,K6,0,manual,"42.50,39.05",0,K5,0,manual,"42.20,35.05",0,30,Cone_125.jpg,80,80
K4,0,manual,"39.60,29.05",0,K5,0,manual,"44.10,29.05",0,K1,0,manual,"34.50,47.80",0,K7,0,manual,"45.90,41.15",0,K3,0,manual,"38.20,35.40",0,K2,0,manual,"36.10,41.10",0,K8,0,manual,"47.20,47.55",0,K6,0,manual,"44.90,35.15",0,29,Cone_124.jpg,80,80
K3,0,manual,"39.40,41.00",0,K7,0,manual,"43.10,44.75",0,K5,0,manual,"42.50,37.10",0,K1,0,manual,"37.00,47.80",0,K2,0,manual,"38.10,44.70",0,K8,0,manual,"43.00,48.15",0,K6,0,manual,"42.50,40.75",0,K4,0,manual,"40.30,37.00",0,28,Cone_123.jpg,80,80
K6,0,manual,"45.40,35.85",0,K3,0,manual,"37.00,35.70",0,K2,0,manual,"34.40,43.40",0,K8,0,manual,"48.50,52.25",0,K4,0,manual,"39.40,28.15",0,K7,0,manual,"46.90,43.95",0,K5,0,manual,"44.30,28.05",0,K1,0,manual,"32.40,50.90",0,27,Cone_122.jpg,80,80
K2,0,manual,"38.30,43.40",0,K1,0,manual,"37.30,46.10",0,K4,0,manual,"39.80,37.25",0,K3,0,manual,"39.10,39.80",0,K8,0,manual,"42.70,46.55",0,K5,0,manual,"41.50,37.30",0,K6,0,manual,"41.90,39.65",0,K7,0,manual,"42.50,43.85",0,26,Cone_121.jpg,80,80
,,,,,,,,,,,,,,,,,,,,,,,,,,,,,,,,,,,,,,,,25,Cone_120.jpg,80,80
K7,0,manual,"43.10,41.55",0,K4,0,manual,"39.60,33.80",0,K1,0,manual,"36.00,45.90",0,K3,0,manual,"38.90,37.00",0,K6,0,manual,"42.60,36.95",0,K8,0,manual,"44.10,46.35",0,K5,0,manual,"41.80,33.70",0,K2,0,manual,"37.50,41.50",0,24,Cone_12.jpg,80,80
K7,0,manual,"49.40,43.55",0,K1,0,manual,"24.70,56.80",0,K2,0,manual,"29.70,43.40",0,K8,0,manual,"53.30,57.55",0,K3,0,manual,"32.90,30.90",0,K6,0,manual,"47.30,30.45",0,K5,0,manual,"44.60,16.55",0,K4,0,manual,"35.90,17.05",0,23,Cone_119.jpg,80,80
K8,0,manual,"46.80,48.25",0,K7,0,manual,"45.50,41.05",0,K1,0,manual,"34.00,47.50",0,K5,0,manual,"43.40,28.25",0,K4,0,manual,"39.60,28.55",0,K2,0,manual,"36.00,40.90",0,K3,0,manual,"37.90,34.80",0,K6,0,manual,"44.70,34.75",0,22,Cone_118.jpg,80,80
K2,0,manual,"31.20,51.80",0,K1,0,manual,"30.10,53.70",0,K3,0,manual,"37.80,24.90",0,K7,0,manual,"49.80,51.85",0,K5,0,manual,"43.80,17.25",0,K6,0,manual,"45.30,24.95",0,K4,0,manual,"40.20,17.25",0,K8,0,manual,"50.20,54.55",0,21,Cone_117.jpg,80,80
K6,0,manual,"41.50,39.75",0,K7,0,manual,"42.20,43.45",0,K5,0,manual,"40.90,36.75",0,K8,0,manual,"42.60,46.75",0,K4,0,manual,"39.20,36.75",0,K2,0,manual,"37.50,43.20",0,K1,0,manual,"36.50,46.50",0,K3,0,manual,"38.30,39.70",0,20,Cone_116.jpg,80,80
K2,0,manual,"36.50,46.10",0,K1,0,manual,"34.30,52.70",0,K6,0,manual,"45.10,40.55",0,K3,0,manual,"38.10,40.70",0,K5,0,manual,"43.60,35.25",0,K8,0,manual,"46.90,53.45",0,K4,0,manual,"39.80,35.35",0,K7,0,manual,"46.40,46.55",0,19,Cone_115.jpg,80,80
K7,0,manual,"45.30,41.75",0,K4,0,manual,"38.70,30.95",0,K2,0,manual,"35.90,41.50",0,K6,0,manual,"44.40,36.45",0,K3,0,manual,"37.30,36.40",0,K5,0,manual,"43.20,30.85",0,K1,0,manual,"34.60,48.00",0,K8,0,manual,"46.20,49.00",0,18,Cone_114.jpg,80,80
,,,,,,,,,,,,,,,,,,,,,,,,,,,,,,,,,,,,,,,,17,Cone_113.jpg,80,80
K8,0,manual,"49.10,49.65",0,K3,0,manual,"37.40,33.00",0,K5,0,manual,"45.60,25.55",0,K6,0,manual,"46.80,33.15",0,K7,0,manual,"47.90,41.85",0,K4,0,manual,"39.90,25.35",0,K2,0,manual,"34.60,40.80",0,K1,0,manual,"32.20,48.10",0,16,Cone_112.jpg,80,80
K6,0,manual,"49.50,30.55",0,K8,0,manual,"56.00,58.55",0,K3,0,manual,"33.90,30.80",0,K1,0,manual,"28.10,56.70",0,K4,0,manual,"37.30,16.50",0,K2,0,manual,"30.30,43.90",0,K7,0,manual,"52.00,44.05",0,K5,0,manual,"47.40,15.95",0,15,Cone_111.jpg,80,80
K8,0,manual,"42.30,46.85",0,K2,0,manual,"36.80,42.30",0,K1,0,manual,"35.30,46.10",0,K6,0,manual,"41.40,39.65",0,K4,0,manual,"38.60,36.45",0,K5,0,manual,"40.80,36.55",0,K7,0,manual,"41.50,43.15",0,K3,0,manual,"37.80,39.60",0,14,Cone_110.jpg,80,80
K8,0,manual,"42.70,46.35",0,K7,0,manual,"42.50,42.95",0,K5,0,manual,"41.30,35.85",0,K6,0,manual,"42.10,39.05",0,K4,0,manual,"38.90,35.95",0,K2,0,manual,"36.80,42.10",0,K1,0,manual,"35.50,45.70",0,K3,0,manual,"38.10,39.00",0,13,Cone_11.jpg,80,80
K6,0,manual,"49.20,27.65",0,K5,0,manual,"46.30,11.55",0,K4,0,manual,"35.60,11.45",0,K3,0,manual,"31.90,28.00",0,K7,0,manual,"52.80,43.35",0,K2,0,manual,"27.60,42.80",0,K8,0,manual,"57.20,60.45",0,K1,0,manual,"23.00,58.40",0,12,Cone_109.jpg,80,80
K7,0,manual,"46.30,44.75",0,K5,0,manual,"44.60,31.45",0,K4,0,manual,"40.20,31.75",0,K3,0,manual,"38.80,37.60",0,K1,0,manual,"34.10,50.70",0,K2,0,manual,"36.70,44.90",0,K6,0,manual,"45.30,38.25",0,K8,0,manual,"47.40,51.75",0,11,Cone_108.jpg,80,80
K1,0,manual,"32.50,49.70",0,K2,0,manual,"35.00,41.80",0,K8,0,manual,"48.90,51.15",0,K7,0,manual,"46.70,42.65",0,K3,0,manual,"37.30,34.80",0,K4,0,manual,"39.50,26.05",0,K5,0,manual,"44.40,25.95",0,K6,0,manual,"45.50,35.05",0,10,Cone_107.jpg,80,80
K4,0,manual,"39.30,32.05",0,K1,0,manual,"33.50,52.10",0,K2,0,manual,"35.30,45.50",0,K5,0,manual,"43.60,32.05",0,K6,0,manual,"44.70,38.85",0,K3,0,manual,"37.50,38.70",0,K7,0,manual,"45.90,45.75",0,K8,0,manual,"47.90,52.55",0,9,Cone_106.jpg,80,80
K2,0,manual,"33.80,44.60",0,K1,0,manual,"31.40,53.80",0,K3,0,manual,"36.00,36.00",0,K8,0,manual,"50.60,53.85",0,K4,0,manual,"38.60,26.25",0,K5,0,manual,"43.10,26.45",0,K7,0,manual,"47.50,44.55",0,K6,0,manual,"45.00,35.85",0,8,Cone_105.jpg,80,80
,,,,,,,,,,,,,,,,,,,,,,,,,,,,,,,,,,,,,,,,7,Cone_104.jpg,80,80
K1,0,manual,"19.20,71.70",0,K4,0,manual,"41.60,1.75",0,K7,0,manual,"58.60,66.05",0,K6,0,manual,"51.60,18.35",0,K5,0,manual,"50.00,2.05",0,K8,0,manual,"60.00,74.75",0,K2,0,manual,"21.70,65.60",0,K3,0,manual,"37.30,17.60",0,6,Cone_103.jpg,80,80
K7,0,manual,"45.40,43.65",0,K1,0,manual,"31.40,50.90",0,K2,0,manual,"34.10,43.30",0,K8,0,manual,"47.40,51.75",0,K5,0,manual,"42.80,29.05",0,K3,0,manual,"36.50,35.50",0,K4,0,manual,"38.40,28.75",0,K6,0,manual,"44.10,35.80",0,5,Cone_102.jpg,80,80
K5,0,manual,"43.70,24.00",0,K7,0,manual,"46.40,52.55",0,K3,0,manual,"37.80,31.40",0,K8,0,manual,"47.00,55.05",0,K1,0,manual,"31.70,55.20",0,K2,0,manual,"32.80,52.70",0,K6,0,manual,"44.00,31.50",0,K4,0,manual,"39.00,24.05",0,4,Cone_101.jpg,80,80
K4,0,manual,"38.50,31.15",0,K8,0,manual,"45.50,50.45",0,K5,0,manual,"42.60,30.95",0,K6,0,manual,"43.70,37.55",0,K2,0,manual,"34.00,44.10",0,K3,0,manual,"36.60,37.10",0,K1,0,manual,"31.50,49.60",0,K7,0,manual,"44.50,43.95",0,3,Cone_100.jpg,80,80
,,,,,,,,,,,,,,,,,,,,,,,,,,,,,,,,,,,,,,,,2,Cone_10.jpg,80,80
K4,0,manual,"39.30,26.35",0,K1,0,manual,"31.90,48.30",0,K5,0,manual,"43.80,26.25",0,K6,0,manual,"44.80,33.50",0,K8,0,manual,"47.90,49.15",0,K2,0,manual,"34.20,41.50",0,K7,0,manual,"46.60,41.35",0,K3,0,manual,"36.70,33.40",0,1,Cone_1.jpg,80,80
,,,,,,,,,,,,,,,,,,,,,,,,,,,,,,,,,,,,,,,,0,Cone_0.jpg,80,80
